person_age,person_income,person_home_ownership,person_emp_length,loan_intent,loan_grade,loan_amnt,loan_int_rate,loan_status,loan_percent_income,cb_person_default_on_file,cb_person_cred_hist_length
23,155004,RENT,4.0,MEDICAL,C,1500,13.48,0,0.01,N,3
26,14040,RENT,1.0,DEBTCONSOLIDATION,B,4750,10.25,1,0.34,N,2
22,63000,MORTGAGE,2.0,MEDICAL,A,12000,7.66,0,0.19,N,3
26,96000,MORTGAGE,4.0,VENTURE,B,11625,10.0,0,0.12,N,3
27,54000,RENT,4.0,PERSONAL,D,9600,12.17,1,0.18,Y,9
34,70000,MORTGAGE,16.0,PERSONAL,A,4000,7.74,0,0.06,N,5
22,100000,RENT,3.0,EDUCATION,B,10000,10.65,0,0.1,N,3
23,96000,MORTGAGE,0.0,VENTURE,B,20000,11.11,0,0.21,N,2
26,39900,RENT,1.0,DEBTCONSOLIDATION,B,14000,10.37,1,0.35,N,3
24,49812,RENT,4.0,MEDICAL,A,15000,6.17,0,0.3,N,3
23,62400,RENT,0.0,VENTURE,A,12000,6.91,0,0.19,N,3
28,40000,MORTGAGE,2.0,VENTURE,B,5000,10.99,0,0.13,N,10
36,75000,RENT,12.0,MEDICAL,A,7000,6.92,0,0.09,N,17
26,36000,MORTGAGE,0.0,DEBTCONSOLIDATION,A,6350,8.94,0,0.18,N,4
21,19200,OWN,0.0,PERSONAL,B,2400,9.91,0,0.13,N,2
28,43680,RENT,3.0,EDUCATION,C,4475,15.27,0,0.1,N,8
22,42000,RENT,3.0,MEDICAL,C,8400,14.35,0,0.2,N,4
28,18000,OWN,12.0,VENTURE,C,3500,14.22,1,0.19,N,5
26,45000,MORTGAGE,1.0,DEBTCONSOLIDATION,A,1500,7.05,0,0.03,N,2
33,62000,MORTGAGE,3.0,EDUCATION,A,10000,7.88,0,0.16,N,6
25,27024,RENT,7.0,EDUCATION,E,2500,16.69,0,0.09,N,2
27,105000,MORTGAGE,9.0,PERSONAL,A,24000,6.17,0,0.23,N,6
25,90000,MORTGAGE,9.0,PERSONAL,A,10000,5.42,0,0.11,N,2
22,33300,RENT,0.0,MEDICAL,B,13250,10.99,1,0.4,N,3
26,28800,OWN,8.0,EDUCATION,A,6000,8.9,0,0.21,N,3
27,65600,RENT,3.0,EDUCATION,D,6000,15.62,0,0.09,Y,9
38,16500,OWN,1.0,VENTURE,C,2000,13.23,0,0.12,N,11
25,100000,OWN,4.0,MEDICAL,C,15000,11.28,0,0.15,N,4
34,59000,MORTGAGE,1.0,MEDICAL,C,20000,13.48,1,0.34,Y,7
25,49000,RENT,8.0,EDUCATION,C,6000,13.48,0,0.12,Y,2
24,76597,RENT,5.0,PERSONAL,B,22000,9.25,0,0.29,N,4
43,84000,MORTGAGE,0.0,DEBTCONSOLIDATION,A,12000,5.42,0,0.14,N,16
32,104400,MORTGAGE,17.0,DEBTCONSOLIDATION,A,24000,8.9,1,0.23,N,5
25,55000,MORTGAGE,9.0,MEDICAL,A,15000,7.88,0,0.27,N,2
27,52000,MORTGAGE,6.0,PERSONAL,A,11500,7.14,0,0.22,N,9
23,33000,RENT,1.0,DEBTCONSOLIDATION,C,7000,13.61,0,0.21,N,4
30,96300,MORTGAGE,1.0,EDUCATION,C,18000,13.98,0,0.19,N,9
32,65004,RENT,0.0,DEBTCONSOLIDATION,C,13000,12.53,0,0.2,N,6
23,51000,RENT,3.0,EDUCATION,C,12000,12.99,0,0.24,N,3
21,24000,RENT,5.0,EDUCATION,A,10000,7.49,1,0.42,N,2
28,60000,MORTGAGE,5.0,HOMEIMPROVEMENT,A,2500,7.49,0,0.04,N,7
33,81000,MORTGAGE,2.0,VENTURE,B,7500,10.08,0,0.09,N,9
34,58650,MORTGAGE,7.0,MEDICAL,G,12000,20.17,1,0.17,Y,10
38,78000,MORTGAGE,8.0,EDUCATION,A,6250,6.76,0,0.08,N,16
44,28000,RENT,15.0,EDUCATION,A,8000,7.49,0,0.29,N,11
38,43000,RENT,4.0,DEBTCONSOLIDATION,B,3500,11.83,0,0.08,N,12
23,103240,MORTGAGE,0.0,VENTURE,A,4000,7.49,0,0.04,N,3
28,92801,MORTGAGE,12.0,MEDICAL,D,20000,14.74,1,0.18,Y,8
32,30000,RENT,7.0,EDUCATION,B,3000,12.42,0,0.1,N,8
23,83000,RENT,7.0,DEBTCONSOLIDATION,B,9000,10.59,0,0.11,N,4
32,63000,RENT,9.0,DEBTCONSOLIDATION,B,8000,10.74,1,0.13,N,5
22,42200,RENT,6.0,VENTURE,D,12800,15.21,1,0.3,N,2
25,121000,MORTGAGE,6.0,VENTURE,B,13000,10.99,0,0.11,N,2
27,45760,MORTGAGE,0.0,PERSONAL,A,9300,7.49,0,0.2,N,10
32,58000,OWN,3.0,VENTURE,C,8000,13.85,0,0.14,N,10
28,175000,RENT,7.0,HOMEIMPROVEMENT,A,6000,7.9,0,0.03,N,10
23,50000,RENT,6.0,EDUCATION,E,6400,20.2,0,0.13,N,2
23,70000,RENT,1.0,EDUCATION,A,3500,5.42,0,0.05,N,3
22,25500,MORTGAGE,0.0,VENTURE,A,7000,6.99,0,0.27,N,2
29,48504,RENT,0.0,DEBTCONSOLIDATION,C,5000,13.98,0,0.1,Y,5
31,121000,MORTGAGE,2.0,VENTURE,D,12000,16.29,1,0.1,Y,6
26,80400,RENT,6.0,VENTURE,B,7000,10.65,0,0.09,N,2
25,75000,RENT,7.0,VENTURE,D,8800,14.59,0,0.12,N,3
23,50000,RENT,3.0,VENTURE,A,6400,6.91,0,0.13,N,2
28,89250,RENT,0.0,MEDICAL,E,20000,16.77,1,0.19,N,8
23,120000,MORTGAGE,3.0,VENTURE,A,5000,8.9,0,0.04,N,4
21,34368,RENT,0.0,DEBTCONSOLIDATION,C,2500,12.87,0,0.07,Y,2
27,49000,MORTGAGE,0.0,PERSONAL,B,15000,9.76,1,0.31,N,7
30,85000,RENT,2.0,HOMEIMPROVEMENT,C,12000,13.48,0,0.14,N,6
23,39996,OWN,1.0,MEDICAL,B,11000,9.63,0,0.28,N,3
50,36000,RENT,13.0,MEDICAL,B,6000,10.99,0,0.17,N,11
34,85000,RENT,3.0,HOMEIMPROVEMENT,C,10000,12.87,0,0.12,N,7
36,48000,MORTGAGE,6.0,VENTURE,A,1500,8.9,0,0.03,N,16
24,56000,RENT,2.0,VENTURE,B,6650,12.69,0,0.12,N,2
30,17280,MORTGAGE,0.0,PERSONAL,C,2000,13.48,0,0.12,N,7
23,57738,MORTGAGE,7.0,EDUCATION,A,7000,7.14,0,0.12,N,4
32,44808,RENT,5.0,PERSONAL,B,12000,10.99,0,0.27,N,8
41,113000,RENT,1.0,PERSONAL,D,12000,16.0,1,0.11,N,15
23,65000,MORTGAGE,4.0,MEDICAL,A,7000,7.14,0,0.11,N,3
22,41000,MORTGAGE,2.0,EDUCATION,B,3000,12.18,0,0.07,N,4
27,160000,MORTGAGE,4.0,HOMEIMPROVEMENT,B,25000,10.99,0,0.16,N,10
25,80400,MORTGAGE,10.0,VENTURE,D,25000,17.49,0,0.31,Y,4
31,48000,RENT,1.0,MEDICAL,A,6000,6.03,0,0.13,N,6
29,120000,OWN,3.0,EDUCATION,A,7500,7.74,0,0.06,N,8
38,18720,OWN,22.0,VENTURE,B,2500,11.86,0,0.13,N,15
28,120000,OWN,7.0,VENTURE,B,5000,10.65,0,0.04,N,6
29,32400,RENT,11.0,HOMEIMPROVEMENT,A,5800,5.79,1,0.18,N,5
27,115000,MORTGAGE,11.0,VENTURE,B,5000,10.99,0,0.04,N,5
32,37440,OWN,0.0,MEDICAL,D,5000,15.37,0,0.13,N,5
61,90000,RENT,1.0,MEDICAL,A,10000,5.79,0,0.11,N,20
23,33600,RENT,3.0,VENTURE,C,5000,13.49,0,0.15,Y,4
30,34000,RENT,2.0,DEBTCONSOLIDATION,D,1500,14.61,1,0.04,Y,5
27,33000,RENT,2.0,MEDICAL,D,7500,15.65,1,0.23,Y,7
22,100000,MORTGAGE,3.0,VENTURE,B,12000,11.11,0,0.12,N,3
34,52809,RENT,18.0,DEBTCONSOLIDATION,B,13000,10.62,0,0.25,N,8
24,54996,RENT,2.0,PERSONAL,B,23600,11.89,1,0.43,N,3
30,73524,MORTGAGE,2.0,EDUCATION,D,10000,14.74,0,0.14,N,8
22,30000,RENT,3.0,PERSONAL,B,4000,11.49,0,0.13,N,3
28,135996,MORTGAGE,12.0,HOMEIMPROVEMENT,A,12500,8.59,0,0.09,N,6
25,150000,MORTGAGE,7.0,HOMEIMPROVEMENT,B,22000,10.38,0,0.15,N,4
27,75000,MORTGAGE,6.0,MEDICAL,A,10000,5.79,0,0.13,N,7
29,101000,OWN,6.0,HOMEIMPROVEMENT,B,12000,12.18,0,0.12,N,8
24,44000,RENT,0.0,PERSONAL,A,2000,8.0,1,0.05,N,3
23,54000,MORTGAGE,0.0,EDUCATION,B,10000,11.49,0,0.19,N,4
35,66000,RENT,0.0,HOMEIMPROVEMENT,B,18000,9.99,0,0.27,N,8
26,30000,RENT,2.0,DEBTCONSOLIDATION,B,3200,10.99,0,0.11,N,3
22,36000,OWN,2.0,EDUCATION,B,14000,11.26,0,0.39,N,4
35,153660,MORTGAGE,3.0,HOMEIMPROVEMENT,A,24000,7.9,0,0.16,N,10
28,80000,RENT,3.0,HOMEIMPROVEMENT,C,17000,13.85,0,0.21,Y,8
24,31000,RENT,2.0,VENTURE,C,10000,14.65,1,0.32,N,2
37,46996,MORTGAGE,2.0,EDUCATION,C,13750,13.98,0,0.29,N,13
50,56000,RENT,2.0,HOMEIMPROVEMENT,C,15000,13.47,0,0.27,N,15
23,50000,RENT,7.0,MEDICAL,A,10000,7.49,0,0.2,N,2
28,34000,RENT,4.0,PERSONAL,B,3000,10.65,1,0.09,N,10
24,38400,MORTGAGE,7.0,EDUCATION,C,10000,14.72,0,0.26,N,2
25,110000,MORTGAGE,7.0,DEBTCONSOLIDATION,B,8400,12.69,0,0.08,N,4
30,95000,MORTGAGE,6.0,PERSONAL,A,4000,5.99,0,0.04,N,7
27,86004,MORTGAGE,8.0,HOMEIMPROVEMENT,D,16000,14.42,0,0.19,N,6
30,32004,RENT,0.0,DEBTCONSOLIDATION,C,7500,13.47,0,0.23,Y,10
24,46800,MORTGAGE,6.0,DEBTCONSOLIDATION,A,12000,6.99,0,0.26,N,3
22,36000,RENT,3.0,VENTURE,C,15000,13.85,1,0.42,N,3
34,60000,MORTGAGE,6.0,EDUCATION,E,10500,15.68,0,0.17,N,10
37,51000,MORTGAGE,3.0,DEBTCONSOLIDATION,C,12800,12.84,0,0.25,N,12
36,45000,MORTGAGE,2.0,EDUCATION,A,7000,7.14,0,0.16,N,14
32,44400,MORTGAGE,5.0,HOMEIMPROVEMENT,D,6500,14.84,0,0.15,Y,7
24,133000,OWN,4.0,VENTURE,A,4000,7.4,0,0.03,N,3
21,50400,RENT,4.0,VENTURE,D,8000,15.62,0,0.16,Y,2
24,65000,MORTGAGE,2.0,EDUCATION,D,20000,14.09,0,0.31,Y,3
25,34000,RENT,3.0,MEDICAL,A,9600,7.88,0,0.28,N,4
26,43000,RENT,8.0,MEDICAL,A,7000,7.29,0,0.16,N,4
33,48000,MORTGAGE,1.0,PERSONAL,D,20000,16.07,0,0.42,N,10
42,66500,RENT,8.0,VENTURE,B,6000,10.25,0,0.09,N,15
25,60000,MORTGAGE,2.0,PERSONAL,B,1800,12.21,0,0.03,N,2
23,41000,MORTGAGE,5.0,DEBTCONSOLIDATION,A,6000,9.32,0,0.15,N,3
48,19200,OWN,1.0,MEDICAL,C,7000,13.48,1,0.36,N,16
24,45000,RENT,5.0,EDUCATION,B,6000,10.99,0,0.13,N,3
30,60000,MORTGAGE,5.0,VENTURE,A,4000,6.99,0,0.07,N,7
21,40000,RENT,0.0,VENTURE,A,3000,7.49,0,0.07,N,3
26,76000,RENT,6.0,PERSONAL,C,8000,13.11,0,0.11,N,3
35,102000,RENT,3.0,DEBTCONSOLIDATION,C,20000,13.85,0,0.2,N,5
30,76080,MORTGAGE,8.0,HOMEIMPROVEMENT,B,12000,11.14,0,0.16,N,5
37,29536,RENT,2.0,MEDICAL,B,4000,11.89,0,0.14,N,17
25,133000,MORTGAGE,8.0,DEBTCONSOLIDATION,F,3000,17.9,1,0.02,Y,2
26,55000,RENT,3.0,VENTURE,C,5000,13.48,0,0.09,Y,4
30,27996,RENT,9.0,MEDICAL,C,1500,13.48,0,0.05,Y,8
33,63996,RENT,4.0,EDUCATION,B,3200,10.74,0,0.05,N,9
23,100000,MORTGAGE,0.0,DEBTCONSOLIDATION,A,7000,8.59,0,0.07,N,4
22,59813,MORTGAGE,6.0,MEDICAL,E,20000,17.74,1,0.28,N,3
31,37584,RENT,0.0,MEDICAL,B,3900,10.99,0,0.1,N,10
29,63500,RENT,4.0,DEBTCONSOLIDATION,B,1600,11.83,0,0.03,N,5
22,60000,MORTGAGE,3.0,VENTURE,A,5000,7.9,0,0.08,N,2
36,120000,MORTGAGE,12.0,HOMEIMPROVEMENT,A,14500,5.42,0,0.12,N,13
21,84000,RENT,5.0,VENTURE,A,7200,8.49,0,0.09,N,2
41,54000,MORTGAGE,6.0,VENTURE,C,5000,13.23,1,0.09,N,12
21,96000,OWN,1.0,EDUCATION,B,7000,12.53,0,0.07,N,4
26,52000,RENT,10.0,HOMEIMPROVEMENT,E,6000,15.68,0,0.12,N,3
29,96000,MORTGAGE,5.0,HOMEIMPROVEMENT,B,12000,9.88,0,0.13,N,5
31,72000,RENT,0.0,HOMEIMPROVEMENT,A,8000,7.9,0,0.11,N,7
21,35000,RENT,5.0,VENTURE,C,7000,11.34,0,0.2,Y,3
24,74000,RENT,1.0,HOMEIMPROVEMENT,D,10000,14.54,1,0.14,N,2
27,69638,MORTGAGE,5.0,EDUCATION,B,16725,10.74,0,0.24,N,9
29,90000,MORTGAGE,8.0,DEBTCONSOLIDATION,A,14000,7.9,0,0.16,N,9
24,32000,RENT,5.0,EDUCATION,C,12000,13.85,1,0.38,N,3
22,70000,MORTGAGE,6.0,EDUCATION,A,9750,8.49,0,0.14,N,4
25,70356,RENT,8.0,HOMEIMPROVEMENT,A,7000,7.29,0,0.1,N,4
31,66000,RENT,0.0,EDUCATION,A,6000,7.49,0,0.09,N,5
28,56000,MORTGAGE,4.0,DEBTCONSOLIDATION,A,15000,7.49,0,0.27,N,9
28,42000,RENT,3.0,EDUCATION,D,9600,14.61,0,0.23,N,9
25,44196,MORTGAGE,8.0,HOMEIMPROVEMENT,A,4000,7.51,0,0.09,N,3
21,35368,RENT,0.0,DEBTCONSOLIDATION,C,5100,12.99,0,0.14,N,2
21,40000,RENT,5.0,MEDICAL,A,3600,5.42,0,0.09,N,4
30,60000,RENT,11.0,DEBTCONSOLIDATION,A,5500,7.51,0,0.09,N,10
32,105000,MORTGAGE,17.0,MEDICAL,C,5000,14.65,0,0.05,N,9
26,43000,RENT,0.0,PERSONAL,C,9000,13.85,0,0.21,Y,4
35,39000,RENT,5.0,PERSONAL,B,10625,10.99,0,0.27,N,9
24,60204,MORTGAGE,8.0,PERSONAL,A,10000,7.49,0,0.17,N,4
24,91000,MORTGAGE,0.0,HOMEIMPROVEMENT,A,1000,7.68,0,0.01,N,3
27,72000,RENT,11.0,EDUCATION,A,12000,6.62,0,0.17,N,8
38,55000,OWN,5.0,HOMEIMPROVEMENT,A,15600,7.9,0,0.28,N,15
27,24000,OWN,1.0,PERSONAL,A,6000,8.9,0,0.25,N,10
30,43000,RENT,4.0,VENTURE,D,8000,16.49,0,0.19,N,5
23,51000,RENT,7.0,PERSONAL,A,17000,8.49,1,0.33,N,4
22,55000,RENT,2.0,EDUCATION,A,6000,8.9,0,0.11,N,3
22,61000,MORTGAGE,6.0,EDUCATION,A,12000,7.49,0,0.2,N,2
22,41244,MORTGAGE,6.0,DEBTCONSOLIDATION,B,11500,11.58,1,0.28,N,3
36,85000,RENT,3.0,MEDICAL,A,3825,5.42,0,0.04,N,15
28,46000,MORTGAGE,3.0,EDUCATION,D,16750,14.96,0,0.36,N,6
23,112995,RENT,7.0,VENTURE,A,2500,7.37,0,0.02,N,3
25,65000,MORTGAGE,9.0,PERSONAL,A,5000,7.29,0,0.08,N,4
27,116000,MORTGAGE,4.0,HOMEIMPROVEMENT,D,25000,13.36,1,0.22,Y,7
28,30000,MORTGAGE,5.0,HOMEIMPROVEMENT,A,15000,7.49,0,0.5,N,8
38,91200,MORTGAGE,0.0,HOMEIMPROVEMENT,C,9000,12.68,0,0.1,N,16
41,30600,RENT,0.0,DEBTCONSOLIDATION,B,6500,10.65,0,0.21,N,12
23,150000,MORTGAGE,7.0,MEDICAL,A,8000,6.91,0,0.05,N,2
24,61200,MORTGAGE,9.0,MEDICAL,B,13500,10.83,1,0.19,N,2
22,86004,RENT,6.0,EDUCATION,C,8000,13.92,0,0.09,Y,2
28,34000,MORTGAGE,12.0,EDUCATION,D,10000,16.77,1,0.29,Y,7
36,27000,OWN,4.0,HOMEIMPROVEMENT,A,6000,7.14,0,0.22,N,15
39,102000,RENT,4.0,EDUCATION,B,7800,11.99,0,0.08,N,11
34,120579,MORTGAGE,9.0,DEBTCONSOLIDATION,C,9600,13.48,0,0.08,Y,7
26,51000,RENT,10.0,DEBTCONSOLIDATION,E,12500,14.18,1,0.25,N,4
30,65004,MORTGAGE,3.0,PERSONAL,A,1500,5.99,0,0.02,N,9
30,49000,RENT,13.0,EDUCATION,B,5000,10.74,1,0.1,N,10
25,145000,MORTGAGE,9.0,HOMEIMPROVEMENT,A,8000,8.49,0,0.06,N,3
44,58000,RENT,2.0,HOMEIMPROVEMENT,C,15000,13.48,0,0.26,Y,15
22,54996,MORTGAGE,3.0,EDUCATION,B,12000,9.63,0,0.22,N,2
26,56000,RENT,7.0,MEDICAL,E,22000,17.19,1,0.39,N,3
35,15000,MORTGAGE,0.0,VENTURE,C,1925,12.84,0,0.13,N,6
24,57996,RENT,4.0,HOMEIMPROVEMENT,D,5000,13.24,0,0.09,N,4
30,71000,RENT,2.0,PERSONAL,A,12000,8.9,0,0.17,N,9
25,24996,RENT,1.0,PERSONAL,C,4200,14.26,0,0.17,Y,2
22,66000,RENT,6.0,DEBTCONSOLIDATION,E,11750,17.14,1,0.18,N,2
26,85000,MORTGAGE,0.0,PERSONAL,C,12000,14.27,0,0.14,N,4
26,97700,MORTGAGE,1.0,DEBTCONSOLIDATION,A,10400,9.32,0,0.11,N,3
26,45000,RENT,2.0,PERSONAL,C,4800,13.06,0,0.11,Y,4
22,29950,RENT,0.0,HOMEIMPROVEMENT,D,10750,14.11,1,0.36,N,3
23,48000,RENT,3.0,DEBTCONSOLIDATION,A,8000,8.49,0,0.17,N,2
25,50000,RENT,6.0,MEDICAL,A,4000,6.92,0,0.08,N,4
24,80000,RENT,0.0,MEDICAL,A,22000,7.49,0,0.28,N,4
30,80000,MORTGAGE,1.0,EDUCATION,B,4975,10.59,0,0.06,N,9
36,34000,MORTGAGE,2.0,VENTURE,B,5000,10.65,0,0.15,N,11
32,50004,RENT,5.0,EDUCATION,D,2200,15.65,0,0.04,Y,9
21,33000,RENT,5.0,VENTURE,C,3375,13.49,0,0.1,Y,3
33,53000,RENT,6.0,DEBTCONSOLIDATION,B,2500,9.99,0,0.05,N,7
23,50004,RENT,7.0,EDUCATION,A,10000,6.17,0,0.2,N,4
24,30000,RENT,0.0,PERSONAL,A,10000,8.38,1,0.33,N,2
27,52680,OWN,11.0,PERSONAL,D,8000,14.54,0,0.15,N,10
32,54000,MORTGAGE,16.0,PERSONAL,A,11200,6.03,0,0.21,N,9
23,65000,MORTGAGE,7.0,VENTURE,C,17600,12.72,0,0.27,N,3
24,90000,RENT,0.0,DEBTCONSOLIDATION,A,10000,7.49,0,0.11,N,2
23,80000,MORTGAGE,7.0,EDUCATION,B,17000,12.21,0,0.21,N,2
30,24000,RENT,6.0,MEDICAL,D,5000,15.31,1,0.21,Y,8
24,176004,MORTGAGE,2.0,DEBTCONSOLIDATION,B,3200,10.0,0,0.02,N,4
22,64000,RENT,7.0,VENTURE,D,13000,14.11,0,0.2,N,3
28,80000,RENT,5.0,DEBTCONSOLIDATION,B,2200,9.99,0,0.03,N,6
22,24000,RENT,1.0,EDUCATION,C,2000,13.11,0,0.08,Y,4
43,27036,RENT,1.0,PERSONAL,D,13750,15.31,1,0.51,Y,15
26,37225,RENT,4.0,PERSONAL,C,2500,13.48,0,0.07,N,3
22,43500,RENT,0.0,EDUCATION,A,3000,5.42,0,0.07,N,3
36,60000,RENT,2.0,HOMEIMPROVEMENT,B,15000,10.99,0,0.25,N,12
23,89100,RENT,7.0,PERSONAL,C,16000,13.92,0,0.18,Y,4
35,30555,RENT,4.0,MEDICAL,C,4500,13.22,0,0.15,N,10
23,59000,RENT,5.0,DEBTCONSOLIDATION,A,3000,7.14,0,0.05,N,2
24,115000,MORTGAGE,3.0,DEBTCONSOLIDATION,D,12000,15.05,1,0.1,N,4
23,63996,RENT,2.0,HOMEIMPROVEMENT,D,4000,15.31,1,0.06,Y,2
26,42000,RENT,3.0,VENTURE,A,12000,8.49,0,0.29,N,3
22,75000,RENT,2.0,DEBTCONSOLIDATION,B,21000,10.0,0,0.28,N,4
24,33996,RENT,2.0,VENTURE,D,5000,12.92,1,0.15,N,4
29,37000,RENT,1.0,MEDICAL,B,6500,10.99,0,0.18,N,8
23,46500,RENT,0.0,MEDICAL,D,8400,16.89,1,0.18,Y,3
23,108000,MORTGAGE,7.0,DEBTCONSOLIDATION,A,4500,7.14,0,0.04,N,3
26,102500,MORTGAGE,4.0,EDUCATION,A,11800,6.03,0,0.12,N,2
24,58033,RENT,4.0,VENTURE,B,8000,10.62,0,0.14,N,2
29,62400,RENT,0.0,HOMEIMPROVEMENT,B,3500,10.99,0,0.06,N,5
26,85000,MORTGAGE,0.0,VENTURE,B,20000,10.37,0,0.24,N,2
23,58560,MORTGAGE,7.0,MEDICAL,B,8000,12.21,0,0.14,N,3
32,92000,MORTGAGE,1.0,EDUCATION,B,5000,10.99,0,0.05,N,8
25,234000,MORTGAGE,3.0,MEDICAL,C,20000,14.27,0,0.09,Y,4
24,33996,RENT,1.0,VENTURE,C,7000,13.16,1,0.21,N,4
23,69000,OWN,7.0,MEDICAL,A,9000,5.99,0,0.13,N,3
28,109200,MORTGAGE,12.0,PERSONAL,B,8000,11.12,0,0.07,N,6
27,54000,MORTGAGE,1.0,DEBTCONSOLIDATION,C,6000,14.27,0,0.11,Y,7
22,72000,RENT,6.0,MEDICAL,C,12000,12.99,0,0.17,Y,3
40,35416,RENT,15.0,MEDICAL,A,2000,6.91,0,0.06,N,14
33,240000,OWN,15.0,PERSONAL,C,15000,13.16,0,0.06,Y,10
23,37000,RENT,2.0,PERSONAL,B,2000,11.14,0,0.05,N,4
23,58216,RENT,5.0,MEDICAL,A,10000,7.49,0,0.17,N,4
21,24996,RENT,6.0,DEBTCONSOLIDATION,C,6000,13.61,0,0.24,N,2
36,50000,RENT,3.0,VENTURE,B,3000,11.26,0,0.06,N,11
27,90000,MORTGAGE,6.0,MEDICAL,B,5500,10.25,0,0.06,N,9
30,48996,RENT,1.0,HOMEIMPROVEMENT,E,10000,15.45,1,0.2,N,5
26,48000,RENT,0.0,PERSONAL,E,6000,16.45,1,0.13,N,4
22,51996,MORTGAGE,6.0,EDUCATION,A,9600,7.14,0,0.18,N,4
28,135000,MORTGAGE,0.0,MEDICAL,A,14400,5.42,0,0.11,N,8
26,35000,RENT,5.0,VENTURE,B,7000,10.99,0,0.2,N,4
23,114000,MORTGAGE,4.0,PERSONAL,B,10000,10.99,0,0.09,N,2
29,200000,MORTGAGE,4.0,MEDICAL,A,12000,7.88,0,0.06,N,7
43,50000,MORTGAGE,12.0,HOMEIMPROVEMENT,B,5000,10.0,0,0.1,N,16
23,90000,MORTGAGE,1.0,EDUCATION,A,13675,7.49,0,0.15,N,4
29,85000,MORTGAGE,2.0,HOMEIMPROVEMENT,A,10000,7.88,0,0.12,N,10
32,190000,RENT,8.0,EDUCATION,A,15000,9.63,0,0.08,N,7
43,32000,RENT,0.0,VENTURE,A,6400,7.49,0,0.2,N,16
25,93500,MORTGAGE,1.0,HOMEIMPROVEMENT,C,14000,12.23,0,0.15,N,4
31,52000,MORTGAGE,8.0,HOMEIMPROVEMENT,A,6400,7.88,0,0.12,N,10
29,36000,RENT,5.0,MEDICAL,A,3075,5.42,0,0.09,N,5
22,88000,MORTGAGE,6.0,EDUCATION,B,5000,11.11,0,0.06,N,4
23,36000,MORTGAGE,7.0,EDUCATION,B,2000,11.49,0,0.06,N,2
26,54600,MORTGAGE,10.0,PERSONAL,B,4800,10.99,0,0.09,N,2
40,32878,RENT,6.0,VENTURE,C,13775,12.98,1,0.42,Y,14
30,151800,MORTGAGE,14.0,HOMEIMPROVEMENT,C,17525,12.72,0,0.12,Y,7
22,27600,RENT,2.0,DEBTCONSOLIDATION,B,6000,10.38,0,0.22,N,4
36,65000,MORTGAGE,6.0,EDUCATION,C,23325,15.27,0,0.36,Y,14
29,60000,MORTGAGE,4.0,EDUCATION,A,5000,7.66,0,0.08,N,10
24,45000,RENT,1.0,VENTURE,B,12000,10.99,0,0.27,N,3
21,37947,RENT,5.0,PERSONAL,A,14000,7.9,1,0.37,N,2
29,74000,MORTGAGE,8.0,EDUCATION,B,25000,11.49,0,0.34,N,6
23,46000,MORTGAGE,7.0,PERSONAL,A,5000,6.62,0,0.11,N,3
32,36000,RENT,2.0,VENTURE,B,5000,11.83,0,0.14,N,10
27,50004,RENT,12.0,DEBTCONSOLIDATION,B,3200,11.49,0,0.06,N,7
27,65000,RENT,0.0,HOMEIMPROVEMENT,B,12000,10.99,0,0.18,N,7
31,89000,MORTGAGE,8.0,PERSONAL,D,12250,15.05,0,0.14,N,8
38,36000,RENT,1.0,MEDICAL,C,8400,13.22,0,0.23,N,16
25,60000,MORTGAGE,10.0,VENTURE,D,10000,16.77,0,0.17,N,3
25,40000,RENT,9.0,EDUCATION,D,5600,14.61,0,0.14,N,2
22,38000,RENT,2.0,MEDICAL,A,18500,7.66,1,0.49,N,4
34,40000,RENT,1.0,DEBTCONSOLIDATION,A,2400,9.32,0,0.06,N,7
26,60000,MORTGAGE,9.0,PERSONAL,C,7200,13.49,0,0.12,N,2
22,60000,MORTGAGE,6.0,VENTURE,A,6125,6.17,0,0.1,N,3
32,76500,RENT,12.0,MEDICAL,D,10000,13.24,1,0.11,Y,9
27,77200,RENT,0.0,DEBTCONSOLIDATION,B,5425,10.59,1,0.07,N,9
26,49000,RENT,0.0,HOMEIMPROVEMENT,F,20000,19.79,1,0.41,N,3
27,66000,RENT,10.0,MEDICAL,C,5000,13.99,0,0.08,Y,10
22,24000,MORTGAGE,2.0,EDUCATION,D,3975,13.87,0,0.17,N,3
29,27600,RENT,2.0,EDUCATION,A,7500,6.62,0,0.27,N,9
24,70000,MORTGAGE,9.0,DEBTCONSOLIDATION,B,16000,10.62,0,0.23,N,2
27,40000,RENT,0.0,VENTURE,D,8000,15.65,1,0.2,Y,6
24,99000,MORTGAGE,8.0,EDUCATION,B,12250,9.88,0,0.12,N,2
32,77000,MORTGAGE,14.0,DEBTCONSOLIDATION,B,23000,11.49,1,0.3,N,6
32,12000,RENT,1.0,MEDICAL,A,9325,8.38,1,0.78,N,6
45,59000,MORTGAGE,5.0,MEDICAL,A,9000,7.9,0,0.15,N,16
37,20000,OWN,2.0,VENTURE,B,3000,12.69,0,0.15,N,17
28,57000,MORTGAGE,12.0,HOMEIMPROVEMENT,A,13000,9.63,0,0.23,N,5
24,80000,MORTGAGE,8.0,VENTURE,D,5000,15.62,0,0.06,N,2
51,72800,MORTGAGE,0.0,PERSONAL,A,5700,7.66,0,0.08,N,28
31,159200,MORTGAGE,1.0,DEBTCONSOLIDATION,D,16000,15.65,1,0.1,Y,6
26,42500,RENT,2.0,EDUCATION,C,3500,12.61,0,0.08,Y,4
28,39600,RENT,6.0,VENTURE,B,4500,10.25,0,0.11,N,10
25,70000,MORTGAGE,4.0,PERSONAL,C,15000,13.16,1,0.21,Y,3
35,133000,MORTGAGE,3.0,HOMEIMPROVEMENT,D,15000,16.77,0,0.11,N,7
40,32400,RENT,1.0,DEBTCONSOLIDATION,B,10000,10.0,1,0.31,N,14
33,75000,MORTGAGE,6.0,PERSONAL,A,12000,5.42,0,0.16,N,10
31,60000,MORTGAGE,15.0,DEBTCONSOLIDATION,A,10000,9.63,0,0.17,N,8
22,48000,RENT,6.0,VENTURE,B,15000,9.63,1,0.31,N,4
23,78000,RENT,7.0,DEBTCONSOLIDATION,A,10000,5.79,0,0.13,N,3
21,32000,RENT,6.0,MEDICAL,D,12000,15.31,1,0.38,Y,2
22,91000,RENT,2.0,PERSONAL,B,8000,11.86,0,0.09,N,3
28,65000,OWN,1.0,MEDICAL,C,2500,13.22,0,0.04,Y,7
28,60000,MORTGAGE,12.0,HOMEIMPROVEMENT,A,20000,7.9,0,0.33,N,7
28,87000,RENT,7.0,VENTURE,B,6400,10.39,0,0.07,N,6
27,90000,MORTGAGE,4.0,PERSONAL,A,15000,7.49,0,0.17,N,6
23,16000,OWN,7.0,MEDICAL,A,6000,7.9,1,0.38,N,2
24,80000,MORTGAGE,7.0,VENTURE,A,12000,6.62,0,0.15,N,2
30,112000,MORTGAGE,4.0,PERSONAL,D,8000,16.02,0,0.07,Y,10
29,27996,OWN,5.0,HOMEIMPROVEMENT,A,1800,5.42,0,0.06,N,6
28,50000,OWN,3.0,EDUCATION,A,3200,8.49,0,0.06,N,5
22,29280,MORTGAGE,0.0,EDUCATION,C,12000,11.66,1,0.41,Y,3
23,103000,MORTGAGE,0.0,DEBTCONSOLIDATION,D,16750,15.31,1,0.16,N,2
27,22896,OWN,1.0,MEDICAL,B,5000,11.48,0,0.22,N,8
29,40000,MORTGAGE,13.0,PERSONAL,A,6400,7.51,0,0.16,N,6
27,43080,RENT,7.0,PERSONAL,C,10000,13.98,0,0.23,N,9
22,60000,MORTGAGE,6.0,DEBTCONSOLIDATION,C,18000,12.99,0,0.3,N,2
21,27000,RENT,1.0,EDUCATION,A,4800,7.51,0,0.18,N,2
21,14400,RENT,0.0,DEBTCONSOLIDATION,A,2000,5.79,0,0.14,N,2
48,60000,MORTGAGE,8.0,MEDICAL,B,8000,10.37,0,0.13,N,17
24,50000,MORTGAGE,3.0,VENTURE,A,15000,8.9,0,0.3,N,2
27,116899,MORTGAGE,12.0,DEBTCONSOLIDATION,B,12000,10.75,1,0.1,N,7
25,35000,RENT,1.0,MEDICAL,B,1500,10.0,0,0.04,N,4
21,63996,RENT,6.0,VENTURE,C,12000,13.79,0,0.19,N,4
23,85000,MORTGAGE,3.0,EDUCATION,A,4000,6.76,0,0.05,N,4
31,62500,OWN,0.0,VENTURE,C,3000,13.92,0,0.05,Y,5
27,44000,RENT,5.0,HOMEIMPROVEMENT,E,5000,16.35,1,0.11,Y,6
26,105000,MORTGAGE,9.0,VENTURE,B,12000,10.99,0,0.11,N,2
24,34000,MORTGAGE,0.0,DEBTCONSOLIDATION,B,10000,12.18,0,0.29,N,4
25,130000,RENT,7.0,HOMEIMPROVEMENT,A,10000,7.49,0,0.08,N,2
24,25000,RENT,6.0,PERSONAL,A,2000,6.62,0,0.08,N,4
23,52800,RENT,6.0,MEDICAL,B,3000,10.99,0,0.06,N,4
22,18000,OWN,1.0,EDUCATION,D,5400,15.31,1,0.3,Y,4
30,23000,RENT,1.0,MEDICAL,B,950,10.99,0,0.04,N,6
39,47471,MORTGAGE,5.0,DEBTCONSOLIDATION,A,5000,7.51,0,0.11,N,14
29,173000,MORTGAGE,7.0,DEBTCONSOLIDATION,D,28000,17.49,1,0.16,Y,10
25,95000,RENT,8.0,PERSONAL,B,8000,10.99,0,0.08,N,3
24,33900,RENT,3.0,EDUCATION,D,5500,17.58,0,0.16,N,2
23,60000,RENT,1.0,PERSONAL,A,5600,7.29,0,0.09,N,2
34,30000,RENT,5.0,VENTURE,A,4200,5.79,0,0.14,N,5
73,75000,RENT,0.0,MEDICAL,A,7800,7.49,0,0.1,N,24
36,84996,MORTGAGE,11.0,PERSONAL,B,3500,12.69,0,0.04,N,16
30,62000,RENT,1.0,MEDICAL,C,7000,14.27,0,0.11,Y,5
29,30000,RENT,3.0,VENTURE,A,5000,9.32,0,0.17,N,5
23,55000,MORTGAGE,8.0,EDUCATION,B,12375,9.91,0,0.23,N,3
34,125000,MORTGAGE,0.0,MEDICAL,B,9175,10.99,0,0.07,N,5
22,32240,RENT,3.0,PERSONAL,C,15000,13.22,1,0.47,N,3
27,58650,MORTGAGE,11.0,MEDICAL,A,4000,5.42,1,0.06,N,6
31,51500,RENT,6.0,HOMEIMPROVEMENT,D,19000,14.83,1,0.37,N,10
23,93000,MORTGAGE,5.0,DEBTCONSOLIDATION,A,2000,7.9,0,0.02,N,4
22,40906,RENT,4.0,VENTURE,B,7500,9.63,0,0.18,N,2
29,48712,MORTGAGE,13.0,VENTURE,A,11050,5.42,0,0.23,N,6
24,26400,RENT,5.0,MEDICAL,A,5000,7.9,0,0.19,N,4
47,69000,MORTGAGE,19.0,VENTURE,A,20000,6.54,0,0.29,N,12
21,21600,MORTGAGE,2.0,DEBTCONSOLIDATION,A,3800,5.99,0,0.18,N,2
32,80000,RENT,6.0,DEBTCONSOLIDATION,B,9600,11.14,0,0.12,N,5
28,56000,MORTGAGE,5.0,MEDICAL,C,5050,12.29,1,0.09,Y,8
37,60000,RENT,21.0,VENTURE,B,16000,10.99,0,0.27,N,15
26,29000,RENT,1.0,EDUCATION,C,1000,11.28,1,0.03,N,3
31,36000,RENT,2.0,MEDICAL,C,3500,12.53,0,0.1,Y,10
23,52000,RENT,0.0,EDUCATION,A,3000,5.99,0,0.06,N,2
28,40000,RENT,0.0,MEDICAL,C,5600,13.49,0,0.14,N,8
40,120000,MORTGAGE,2.0,VENTURE,B,17000,10.51,0,0.14,N,15
35,58000,MORTGAGE,8.0,MEDICAL,C,6000,12.99,0,0.1,Y,8
23,20400,RENT,0.0,PERSONAL,A,4800,7.49,0,0.24,N,2
46,85000,OTHER,0.0,HOMEIMPROVEMENT,A,1000,7.68,0,0.01,N,12
31,84000,MORTGAGE,12.0,HOMEIMPROVEMENT,A,10000,5.99,0,0.12,N,8
34,54600,RENT,2.0,MEDICAL,A,2500,7.88,0,0.05,N,8
24,91000,MORTGAGE,5.0,MEDICAL,A,15000,7.88,0,0.16,N,4
33,15000,RENT,3.0,VENTURE,D,1800,17.54,0,0.12,Y,9
21,37200,RENT,1.0,DEBTCONSOLIDATION,B,7000,10.99,0,0.19,N,3
26,71000,RENT,0.0,MEDICAL,B,11600,10.99,0,0.16,N,2
22,30000,RENT,4.0,MEDICAL,B,6000,12.42,0,0.2,N,4
30,36000,MORTGAGE,7.0,DEBTCONSOLIDATION,B,15000,11.83,0,0.42,N,10
23,64000,MORTGAGE,7.0,DEBTCONSOLIDATION,B,8000,10.99,0,0.13,N,2
52,64500,RENT,0.0,PERSONAL,B,5000,11.26,0,0.08,N,25
33,30000,MORTGAGE,17.0,HOMEIMPROVEMENT,A,10000,5.79,0,0.33,N,6
35,80004,MORTGAGE,2.0,PERSONAL,B,3200,11.11,0,0.04,N,7
39,62000,OWN,3.0,PERSONAL,A,7200,7.49,0,0.12,N,12
22,68500,MORTGAGE,3.0,PERSONAL,B,12000,10.99,0,0.18,N,4
37,50000,RENT,0.0,VENTURE,B,5000,11.89,0,0.1,N,12
24,31944,RENT,8.0,MEDICAL,C,7200,13.79,0,0.23,N,2
25,65000,RENT,8.0,EDUCATION,C,6000,13.06,0,0.09,Y,3
28,39000,RENT,6.0,MEDICAL,D,3600,16.29,1,0.09,N,8
21,85000,RENT,1.0,VENTURE,C,12000,11.97,0,0.14,N,2
22,54000,RENT,4.0,MEDICAL,C,8075,13.06,0,0.15,N,3
26,34995,RENT,4.0,EDUCATION,A,10000,7.88,0,0.29,N,2
22,85000,RENT,1.0,EDUCATION,C,12000,12.84,0,0.14,Y,4
25,128500,MORTGAGE,1.0,HOMEIMPROVEMENT,C,15000,12.53,0,0.12,Y,3
25,42000,RENT,4.0,EDUCATION,A,1925,6.17,0,0.05,N,4
22,71000,RENT,1.0,EDUCATION,D,25000,15.95,1,0.35,Y,4
34,80300,MORTGAGE,3.0,HOMEIMPROVEMENT,C,15000,12.73,0,0.19,Y,10
28,39000,RENT,0.0,EDUCATION,A,3000,7.9,0,0.08,N,7
32,43625,RENT,2.0,EDUCATION,B,1500,10.99,0,0.03,N,6
22,32000,RENT,0.0,DEBTCONSOLIDATION,C,14000,13.49,1,0.44,N,2
23,50952,RENT,0.0,EDUCATION,C,4000,11.54,0,0.08,Y,4
28,68666,RENT,7.0,DEBTCONSOLIDATION,B,21000,12.69,1,0.31,N,8
25,84000,RENT,5.0,DEBTCONSOLIDATION,B,9000,11.36,0,0.11,N,2
22,57600,MORTGAGE,1.0,PERSONAL,B,6000,10.0,0,0.1,N,2
34,30000,RENT,2.0,PERSONAL,A,4000,7.51,0,0.13,N,7
35,36500,RENT,0.0,MEDICAL,C,6000,13.61,0,0.16,N,6
32,110888,MORTGAGE,0.0,MEDICAL,B,10400,9.91,0,0.09,N,6
24,42000,RENT,8.0,HOMEIMPROVEMENT,B,4000,11.86,1,0.1,N,2
32,34000,MORTGAGE,5.0,DEBTCONSOLIDATION,A,2800,9.32,0,0.08,N,7
38,52000,OWN,3.0,PERSONAL,D,8000,15.21,0,0.15,N,13
24,39996,RENT,1.0,MEDICAL,C,7000,13.11,0,0.18,N,3
25,125000,RENT,0.0,VENTURE,A,15000,7.49,0,0.12,N,3
26,48000,OWN,3.0,VENTURE,C,3600,13.49,0,0.07,N,4
24,77000,MORTGAGE,2.0,EDUCATION,B,3850,11.11,0,0.05,N,2
39,85000,MORTGAGE,1.0,PERSONAL,A,12000,9.32,0,0.14,N,13
23,65000,RENT,0.0,EDUCATION,A,6000,9.63,0,0.09,N,3
22,155000,MORTGAGE,7.0,DEBTCONSOLIDATION,B,4000,11.14,0,0.03,N,3
34,92000,MORTGAGE,14.0,HOMEIMPROVEMENT,B,16000,11.11,0,0.17,N,7
25,60900,RENT,2.0,PERSONAL,A,3600,6.91,0,0.06,N,3
24,34000,RENT,1.0,HOMEIMPROVEMENT,B,10000,12.69,1,0.29,N,2
27,136000,MORTGAGE,3.0,PERSONAL,A,5000,6.17,0,0.04,N,6
26,105000,OWN,10.0,HOMEIMPROVEMENT,B,4800,11.71,0,0.05,N,4
25,42000,RENT,8.0,MEDICAL,A,7000,5.79,0,0.17,N,2
23,100000,RENT,1.0,EDUCATION,C,12000,13.57,0,0.12,Y,2
30,63000,MORTGAGE,14.0,DEBTCONSOLIDATION,A,3500,7.49,0,0.06,N,7
24,78000,OWN,8.0,EDUCATION,B,25000,12.18,0,0.32,N,4
31,78000,MORTGAGE,1.0,HOMEIMPROVEMENT,C,20000,14.26,1,0.26,N,9
21,13806,RENT,6.0,EDUCATION,C,4750,12.73,1,0.34,Y,2
24,75000,OWN,2.0,PERSONAL,B,8500,11.36,0,0.11,N,4
27,51600,MORTGAGE,5.0,DEBTCONSOLIDATION,A,10800,6.91,0,0.21,N,8
27,93600,RENT,1.0,DEBTCONSOLIDATION,B,3000,10.36,0,0.03,N,9
26,65000,RENT,4.0,PERSONAL,A,8000,6.92,0,0.12,N,4
24,26000,RENT,5.0,MEDICAL,A,12000,7.9,1,0.46,N,2
22,33300,RENT,0.0,DEBTCONSOLIDATION,B,13250,10.99,1,0.4,N,4
22,28000,RENT,0.0,HOMEIMPROVEMENT,D,1000,16.29,1,0.04,Y,3
23,56000,MORTGAGE,7.0,PERSONAL,B,4500,11.83,0,0.08,N,4
25,20000,MORTGAGE,1.0,VENTURE,A,4000,5.79,0,0.2,N,4
22,60000,RENT,6.0,VENTURE,B,9975,11.48,0,0.17,N,4
41,63000,RENT,1.0,PERSONAL,A,1500,8.0,0,0.02,N,17
34,35316,RENT,5.0,MEDICAL,D,7200,14.84,1,0.2,N,10
35,75573,MORTGAGE,9.0,HOMEIMPROVEMENT,B,22000,9.88,0,0.29,N,8
26,65000,MORTGAGE,3.0,VENTURE,A,10000,7.29,0,0.15,N,3
39,37800,RENT,5.0,DEBTCONSOLIDATION,B,7000,11.49,0,0.19,N,11
32,90000,RENT,0.0,VENTURE,C,3025,13.48,0,0.03,Y,5
45,125004,RENT,7.0,EDUCATION,C,14000,12.61,0,0.11,N,12
26,201450,MORTGAGE,2.0,MEDICAL,E,8000,16.95,1,0.03,N,4
21,18456,RENT,2.0,MEDICAL,C,3500,13.35,1,0.19,Y,2
41,58650,MORTGAGE,15.0,MEDICAL,B,12000,11.14,1,0.17,N,16
46,50000,RENT,0.0,HOMEIMPROVEMENT,B,4350,10.99,0,0.09,N,16
26,30000,RENT,3.0,MEDICAL,C,4000,14.27,1,0.13,Y,2
38,96000,MORTGAGE,15.0,DEBTCONSOLIDATION,A,6000,6.03,0,0.06,N,16
30,31000,MORTGAGE,3.0,EDUCATION,A,13000,7.88,1,0.42,N,8
35,72000,MORTGAGE,2.0,EDUCATION,E,20000,16.7,1,0.28,Y,9
27,25200,RENT,0.0,MEDICAL,C,2550,14.27,0,0.1,N,9
24,40000,MORTGAGE,8.0,DEBTCONSOLIDATION,A,4000,7.14,0,0.1,N,4
32,60040,RENT,1.0,VENTURE,B,5000,8.88,0,0.08,N,10
27,77000,MORTGAGE,0.0,EDUCATION,E,15000,17.74,1,0.19,Y,6
24,47000,RENT,8.0,VENTURE,A,7000,6.62,0,0.15,N,3
23,36000,OWN,1.0,VENTURE,A,1800,6.54,0,0.05,N,4
70,30000,RENT,0.0,DEBTCONSOLIDATION,D,1000,17.49,1,0.03,Y,21
32,66504,RENT,11.0,HOMEIMPROVEMENT,B,3500,11.99,0,0.05,N,8
26,145000,MORTGAGE,9.0,DEBTCONSOLIDATION,B,14000,10.59,0,0.1,N,2
23,31200,RENT,0.0,PERSONAL,C,3200,13.49,0,0.1,Y,2
23,46000,MORTGAGE,5.0,PERSONAL,B,9500,12.69,1,0.21,N,4
24,25200,RENT,6.0,MEDICAL,A,6000,7.49,0,0.24,N,2
37,60000,RENT,4.0,VENTURE,A,7175,7.9,0,0.12,N,14
27,70000,OWN,0.0,PERSONAL,C,15000,12.84,0,0.21,N,10
25,138000,MORTGAGE,9.0,PERSONAL,A,8000,6.99,0,0.06,N,4
26,54000,RENT,0.0,MEDICAL,C,4000,13.47,1,0.07,N,2
30,18000,MORTGAGE,6.0,MEDICAL,B,2200,10.99,1,0.12,N,6
32,24000,OWN,5.0,EDUCATION,B,2850,11.83,0,0.12,N,7
